Numéro;Date d'émission;Client;Libellé;Montant HT;TVA;Montant TTC;Date d'échéance;Statut;Date de paiement
F-2026-019;2026-04-01;Maison Corvelle;Accompagnement mensuel — avril 2026;4800,00;960,00;5760,00;2026-05-01;Payée;2026-04-28
F-2026-020;2026-05-04;Maison Corvelle;Accompagnement mensuel — mai 2026;4800,00;960,00;5760,00;2026-06-03;Payée;2026-06-02
F-2026-021;2026-06-01;Maison Corvelle;Accompagnement mensuel — juin 2026;4800,00;960,00;5760,00;2026-07-01;Payée;2026-06-30
F-2026-022;2026-07-01;Maison Corvelle;Accompagnement mensuel — juillet 2026;4800,00;960,00;5760,00;2026-07-31;Payée;2026-07-29
F-2026-023;2026-07-03;Dar Al Rimal;Diagnostic stratégique — acompte 50 %;6000,00;0,00;6000,00;2026-07-03;Payée;2026-07-10
F-2026-024;2026-08-03;Maison Corvelle;Accompagnement mensuel — août 2026;4800,00;960,00;5760,00;2026-09-02;En retard;
F-2026-025;2026-09-01;Maison Corvelle;Accompagnement mensuel — septembre 2026;4800,00;960,00;5760,00;2026-10-01;En retard;
F-2026-026;2026-09-01;Dar Al Rimal;Diagnostic stratégique — solde;6000,00;0,00;6000,00;2026-10-01;Payée;2026-09-22
F-2026-027;2026-10-01;Maison Corvelle;Accompagnement mensuel — octobre 2026;4800,00;960,00;5760,00;2026-10-31;À venir;
F-2026-028;2026-10-02;Transports Ardelis;Atelier dirigeants — acompte 50 %;8250,00;1650,00;9900,00;2026-10-02;Payée;2026-10-06
